film_id,Title,Description,ReleaseYear,Language,RentalDuration,RentalRate,Rating,Length,ReplacementCost,SpecialFeatures,Category,Actors
1,"ACADEMY DINOSAUR","A Epic Drama of a Feminist And a Mad Scientist who must Battle a Teacher in The Canadian Rockies",2006,English,6,0.99,PG,86,20.99,"Deleted Scenes,Behind the Scenes",Documentary,"1//PENELOPE//GUINESS,10//CHRISTIAN//GABLE,20//LUCILLE//TRACY,30//SANDRA//PECK,40//JOHNNY//CAGE,53//MENA//TEMPLE,108//WARREN//NOLTE,162//OPRAH//KILMER,188//ROCK//DUKAKIS,198//MARY//KEITEL"
2,"ACE GOLDFINGER","A Astounding Epistle of a Database Administrator And a Explorer who must Find a Car in Ancient China",2006,English,3,4.99,G,48,12.99,"Trailers,Deleted Scenes",Horror,"19//BOB//FAWCETT,85//MINNIE//ZELLWEGER,90//SEAN//GUINESS,160//CHRIS//DEPP"
3,"ADAPTATION HOLES","A Astounding Reflection of a Lumberjack And a Car who must Sink a Lumberjack in A Baloon Factory",2006,English,7,2.99,NC-17,50,18.99,"Trailers,Deleted Scenes",Documentary,"2//NICK//WAHLBERG,19//BOB//FAWCETT,24//CAMERON//STREEP,64//RAY//JOHANSSON,123//JULIANNE//DENCH"
4,"AFFAIR PREJUDICE","A Fanciful Documentary of a Frisbee And a Lumberjack who must Chase a Monkey in A Shark Tank",2006,English,5,2.99,G,117,26.99,"Commentaries,Behind the Scenes",Horror,"41//JODIE//DEGENERES,81//SCARLETT//DAMON,88//KENNETH//PESCI,147//FAY//WINSLET,162//OPRAH//KILMER"
5,"AFRICAN EGG","A Fast-Paced Documentary of a Pastry Chef And a Dentist who must Pursue a Forensic Psychologist in The Gulf of Mexico",2006,English,6,2.99,G,130,22.99,"Deleted Scenes",Family,"51//GARY//PHOENIX,59//DUSTIN//TAUTOU,103//MATTHEW//LEIGH,181//MATTHEW//CARREY,200//THORA//TEMPLE"
6,"AGENT TRUMAN","A Intrepid Panorama of a Robot And a Boy who must Escape a Sumo Wrestler in Ancient China",2006,English,3,2.99,PG,169,17.99,"Deleted Scenes",Foreign,"21//KIRSTEN//PALTROW,23//SANDRA//KILMER,62//JAYNE//NEESON,108//WARREN//NOLTE,137//MORGAN//WILLIAMS,169//KENNETH//HOFFMAN,197//REESE//WEST"
7,"AIRPLANE SIERRA","A Touching Saga of a Hunter And a Butler who must Discover a Butler in A Jet Boat",2006,English,6,4.99,PG-13,62,28.99,"Trailers,Deleted Scenes",Comedy,"99//JIM//MOSTEL,133//RICHARD//PENN,162//OPRAH//KILMER,170//MENA//HOPPER,185//MICHAEL//BOLGER"
8,"AIRPORT POLLOCK","A Epic Tale of a Moose And a Girl who must Confront a Monkey in Ancient India",2006,English,6,4.99,R,54,15.99,Trailers,Horror,"55//FAY//KILMER,96//GENE//WILLIS,110//SUSAN//DAVIS,138//LUCILLE//DEE"
9,"ALABAMA DEVIL","A Thoughtful Panorama of a Database Administrator And a Mad Scientist who must Outgun a Mad Scientist in A Jet Boat",2006,English,3,2.99,PG-13,114,21.99,"Trailers,Deleted Scenes",Horror,"10//CHRISTIAN//GABLE,22//ELVIS//MARX,26//RIP//CRAWFORD,53//MENA//TEMPLE,68//RIP//WINSLET,108//WARREN//NOLTE,130//GRETA//KEITEL,175//WILLIAM//HACKMAN,194//MERYL//ALLEN"
10,"ALADDIN CALENDAR","A Action-Packed Tale of a Man And a Lumberjack who must Reach a Feminist in Ancient China",2006,English,6,4.99,NC-17,63,24.99,"Trailers,Deleted Scenes",Sports,"29//ALEC//WAYNE,35//JUDY//DEAN,37//VAL//BOLGER,64//RAY//JOHANSSON,117//RENEE//TRACY,142//JADA//RYDER,157//GRETA//MALDEN,188//ROCK//DUKAKIS"
11,"ALAMO VIDEOTAPE","A Boring Epistle of a Butler And a Cat who must Fight a Pastry Chef in A MySQL Convention",2006,English,6,0.99,G,126,16.99,"Commentaries,Behind the Scenes",Foreign,"40//JOHNNY//CAGE,81//SCARLETT//DAMON,90//SEAN//GUINESS,174//MICHAEL//BENING"
12,"ALASKA PHANTOM","A Fanciful Saga of a Hunter And a Pastry Chef who must Vanquish a Boy in Australia",2006,English,6,0.99,PG,136,22.99,"Commentaries,Deleted Scenes",Music,"37//VAL//BOLGER,75//BURT//POSEY,105//SIDNEY//CROWE,109//SYLVESTER//DERN,146//ALBERT//JOHANSSON,177//GENE//MCKELLEN,180//JEFF//SILVERSTONE"
13,"ALI FOREVER","A Action-Packed Drama of a Dentist And a Crocodile who must Battle a Feminist in The Canadian Rockies",2006,English,4,4.99,PG,150,21.99,"Deleted Scenes,Behind the Scenes",Horror,"77//CARY//MCCONAUGHEY,91//CHRISTOPHER//BERRY,94//KENNETH//TORN,114//MORGAN//MCDORMAND,176//JON//CHASE"
14,"ALICE FANTASIA","A Emotional Drama of a A Shark And a Database Administrator who must Vanquish a Pioneer in Soviet Georgia",2006,English,6,0.99,NC-17,94,23.99,"Trailers,Deleted Scenes,Behind the Scenes",Classics,"28//WOODY//HOFFMAN,85//MINNIE//ZELLWEGER,137//MORGAN//WILLIAMS,188//ROCK//DUKAKIS"
15,"ALIEN CENTER","A Brilliant Drama of a Cat And a Mad Scientist who must Battle a Feminist in A MySQL Convention",2006,English,5,2.99,NC-17,46,10.99,"Trailers,Commentaries,Behind the Scenes",Foreign,"36//BURT//DUKAKIS,69//KENNETH//PALTROW,105//SIDNEY//CROWE,117//RENEE//TRACY,164//HUMPHREY//WILLIS,170//MENA//HOPPER"
16,"ALLEY EVOLUTION","A Fast-Paced Drama of a Robot And a Composer who must Battle a Astronaut in New Orleans",2006,English,6,2.99,NC-17,180,23.99,"Trailers,Commentaries",Foreign,"12//KARL//BERRY,57//JUDE//CRUISE,146//ALBERT//JOHANSSON,191//GREGORY//GOODING,192//JOHN//SUVARI"
17,"ALONE TRIP","A Fast-Paced Character Study of a Composer And a Dog who must Outgun a Boat in An Abandoned Fun House",2006,English,3,0.99,R,82,14.99,"Trailers,Behind the Scenes",Music,"3//ED//CHASE,12//KARL//BERRY,13//UMA//WOOD,82//WOODY//JOLIE,100//SPENCER//DEPP,160//CHRIS//DEPP,167//LAURENCE//BULLOCK,187//RENEE//BALL"
18,"ALTER VICTORY","A Thoughtful Drama of a Composer And a Feminist who must Meet a Secret Agent in The Canadian Rockies",2006,English,6,0.99,PG-13,57,27.99,"Trailers,Behind the Scenes",Animation,"45//REESE//KILMER,142//JADA//RYDER,144//ANGELA//WITHERSPOON,162//OPRAH//KILMER"
19,"AMADEUS HOLY","A Emotional Display of a Pioneer And a Technical Writer who must Battle a Man in A Baloon",2006,English,6,0.99,PG,113,20.99,"Commentaries,Deleted Scenes,Behind the Scenes",Action,"5//JOHNNY//LOLLOBRIGIDA,27//JULIA//MCQUEEN,37//VAL//BOLGER,43//KIRK//JOVOVICH,84//JAMES//PITT,104//PENELOPE//CRONYN"
20,"AMELIE HELLFIGHTERS","A Boring Drama of a Woman And a Squirrel who must Conquer a Student in A Baloon",2006,English,4,4.99,R,79,23.99,"Commentaries,Deleted Scenes,Behind the Scenes",Music,"52//CARMEN//HUNT,102//WALTER//TORN,136//ED//MANSFIELD,139//EWAN//GOODING,155//IAN//TANDY,159//LAURA//BRODY"
21,"AMERICAN CIRCUS","A Insightful Drama of a Girl And a Astronaut who must Face a Database Administrator in A Shark Tank",2006,English,3,4.99,R,129,17.99,"Commentaries,Behind the Scenes",Action,"25//KEVIN//BLOOM,26//RIP//CRAWFORD,105//SIDNEY//CROWE,119//WARREN//JACKMAN,126//FRANCES//TOMEI"
22,"AMISTAD MIDSUMMER","A Emotional Character Study of a Dentist And a Crocodile who must Meet a Sumo Wrestler in California",2006,English,6,2.99,G,85,10.99,"Commentaries,Behind the Scenes",New,"77//CARY//MCCONAUGHEY,95//DARYL//WAHLBERG,122//SALMA//NOLTE,124//SCARLETT//BENING"
23,"ANACONDA CONFESSIONS","A Lacklusture Display of a Dentist And a Dentist who must Fight a Girl in Australia",2006,English,3,0.99,R,92,9.99,"Trailers,Deleted Scenes",Animation,"1//PENELOPE//GUINESS,4//JENNIFER//DAVIS,22//ELVIS//MARX,150//JAYNE//NOLTE,164//HUMPHREY//WILLIS"
24,"ANALYZE HOOSIERS","A Thoughtful Display of a Explorer And a Pastry Chef who must Overcome a Feminist in The Sahara Desert",2006,English,6,2.99,R,181,19.99,"Trailers,Behind the Scenes",Horror,"38//TOM//MCKELLEN,42//TOM//MIRANDA,67//JESSICA//BAILEY,157//GRETA//MALDEN,179//ED//GUINESS"
25,"ANGELS LIFE","A Thoughtful Display of a Woman And a Astronaut who must Battle a Robot in Berlin",2006,English,3,2.99,G,74,15.99,Trailers,New,"1//PENELOPE//GUINESS,4//JENNIFER//DAVIS,7//GRACE//MOSTEL,47//JULIA//BARRYMORE,91//CHRISTOPHER//BERRY,136//ED//MANSFIELD,166//NICK//DEGENERES,167//LAURENCE//BULLOCK,187//RENEE//BALL"
26,"ANNIE IDENTITY","A Amazing Panorama of a Pastry Chef And a Boat who must Escape a Woman in An Abandoned Amusement Park",2006,English,3,0.99,G,86,15.99,"Commentaries,Deleted Scenes",Sci-Fi,"71//ADAM//GRANT,128//CATE//MCQUEEN,130//GRETA//KEITEL"
27,"ANONYMOUS HUMAN","A Amazing Reflection of a Database Administrator And a Astronaut who must Outrace a Database Administrator in A Shark Tank",2006,English,7,0.99,NC-17,179,12.99,"Deleted Scenes,Behind the Scenes",Sports,"7//GRACE//MOSTEL,55//FAY//KILMER,99//JIM//MOSTEL,110//SUSAN//DAVIS,140//WHOOPI//HURT,148//EMILY//DEE,154//MERYL//GIBSON,170//MENA//HOPPER,179//ED//GUINESS"
28,"ANTHEM LUKE","A Touching Panorama of a Waitress And a Woman who must Outrace a Dog in An Abandoned Amusement Park",2006,English,5,4.99,PG-13,91,16.99,"Deleted Scenes,Behind the Scenes",Comedy,"74//MILLA//KEITEL,162//OPRAH//KILMER"
29,"ANTITRUST TOMATOES","A Fateful Yarn of a Womanizer And a Feminist who must Succumb a Database Administrator in Ancient India",2006,English,5,2.99,NC-17,168,11.99,"Trailers,Commentaries,Deleted Scenes",Action,"6//BETTE//NICHOLSON,13//UMA//WOOD,105//SIDNEY//CROWE,122//SALMA//NOLTE,175//WILLIAM//HACKMAN,187//RENEE//BALL,197//REESE//WEST"
30,"ANYTHING SAVANNAH","A Epic Story of a Pastry Chef And a Woman who must Chase a Feminist in An Abandoned Fun House",2006,English,4,2.99,R,82,27.99,"Trailers,Deleted Scenes,Behind the Scenes",Horror,"9//JOE//SWANK,163//CHRISTOPHER//WEST,178//LISA//MONROE"
31,"APACHE DIVINE","A Awe-Inspiring Reflection of a Pastry Chef And a Teacher who must Overcome a Sumo Wrestler in A U-Boat",2006,English,5,4.99,NC-17,92,16.99,"Commentaries,Deleted Scenes,Behind the Scenes",Family,"2//NICK//WAHLBERG,15//CUBA//OLIVIER,49//ANNE//CRONYN,60//HENRY//BERRY"
32,"APOCALYPSE FLAMINGOS","A Astounding Story of a Dog And a Squirrel who must Defeat a Woman in An Abandoned Amusement Park",2006,English,6,4.99,R,119,11.99,"Trailers,Commentaries",New,"79//MAE//HOFFMAN,158//VIVIEN//BASINGER,162//OPRAH//KILMER,168//WILL//WILSON,183//RUSSELL//CLOSE"
33,"APOLLO TEEN","A Action-Packed Reflection of a Crocodile And a Explorer who must Find a Sumo Wrestler in An Abandoned Mine Shaft",2006,English,5,2.99,PG-13,153,15.99,"Trailers,Commentaries,Deleted Scenes,Behind the Scenes",Drama,"79//MAE//HOFFMAN,82//WOODY//JOLIE,136//ED//MANSFIELD,146//ALBERT//JOHANSSON,162//OPRAH//KILMER,170//MENA//HOPPER,180//JEFF//SILVERSTONE,182//DEBBIE//AKROYD"
34,"ARABIA DOGMA","A Touching Epistle of a Madman And a Mad Cow who must Defeat a Student in Nigeria",2006,English,6,0.99,NC-17,62,29.99,"Commentaries,Deleted Scenes",Horror,"12//KARL//BERRY,26//RIP//CRAWFORD,27//JULIA//MCQUEEN,40//JOHNNY//CAGE,57//JUDE//CRUISE,72//SEAN//WILLIAMS,75//BURT//POSEY,102//WALTER//TORN,112//RUSSELL//BACALL,126//FRANCES//TOMEI,157//GRETA//MALDEN,178//LISA//MONROE"
35,"ARACHNOPHOBIA ROLLERCOASTER","A Action-Packed Reflection of a Pastry Chef And a Composer who must Discover a Mad Scientist in The First Manned Space Station",2006,English,4,2.99,PG-13,147,24.99,"Trailers,Deleted Scenes,Behind the Scenes",Horror,"7//GRACE//MOSTEL,35//JUDY//DEAN,95//DARYL//WAHLBERG,113//MORGAN//HOPKINS,118//CUBA//ALLEN,135//RITA//REYNOLDS,139//EWAN//GOODING,184//HUMPHREY//GARLAND"
36,"ARGONAUTS TOWN","A Emotional Epistle of a Forensic Psychologist And a Butler who must Challenge a Waitress in An Abandoned Mine Shaft",2006,English,7,0.99,PG-13,127,12.99,"Trailers,Commentaries",Animation,"47//JULIA//BARRYMORE,73//GARY//PENN,96//GENE//WILLIS,116//DAN//STREEP,127//KEVIN//GARLAND"
37,"ARIZONA BANG","A Brilliant Panorama of a Mad Scientist And a Mad Cow who must Meet a Pioneer in A Monastery",2006,English,3,2.99,PG,121,28.99,"Trailers,Deleted Scenes",Classics,"12//KARL//BERRY,64//RAY//JOHANSSON,112//RUSSELL//BACALL,130//GRETA//KEITEL"
38,"ARK RIDGEMONT","A Beautiful Yarn of a Pioneer And a Monkey who must Pursue a Explorer in The Sahara Desert",2006,English,6,0.99,NC-17,68,25.99,"Trailers,Commentaries,Deleted Scenes,Behind the Scenes",Action,"46//PARKER//GOLDBERG,166//NICK//DEGENERES,190//AUDREY//BAILEY"
39,"ARMAGEDDON LOST","A Fast-Paced Tale of a Boat And a Teacher who must Succumb a Composer in An Abandoned Mine Shaft",2006,English,5,0.99,G,99,10.99,Trailers,Sci-Fi,"65//ANGELA//HUDSON,84//JAMES//PITT,104//PENELOPE//CRONYN,118//CUBA//ALLEN,145//KIM//ALLEN,177//GENE//MCKELLEN,191//GREGORY//GOODING"
40,"ARMY FLINTSTONES","A Boring Saga of a Database Administrator And a Womanizer who must Battle a Waitress in Nigeria",2006,English,4,0.99,R,148,22.99,"Trailers,Commentaries",Documentary,"3//ED//CHASE,77//CARY//MCCONAUGHEY,79//MAE//HOFFMAN,96//GENE//WILLIS,104//PENELOPE//CRONYN,181//MATTHEW//CARREY,183//RUSSELL//CLOSE"
41,"ARSENIC INDEPENDENCE","A Fanciful Documentary of a Mad Cow And a Womanizer who must Find a Dentist in Berlin",2006,English,4,0.99,PG,137,17.99,"Trailers,Deleted Scenes,Behind the Scenes",Travel,"118//CUBA//ALLEN,135//RITA//REYNOLDS,162//OPRAH//KILMER"
42,"ARTIST COLDBLOODED","A Stunning Reflection of a Robot And a Moose who must Challenge a Woman in California",2006,English,5,2.99,NC-17,170,10.99,"Trailers,Behind the Scenes",Sports,"3//ED//CHASE,23//SANDRA//KILMER,43//KIRK//JOVOVICH,62//JAYNE//NEESON,105//SIDNEY//CROWE,117//RENEE//TRACY,194//MERYL//ALLEN"
43,"ATLANTIS CAUSE","A Thrilling Yarn of a Feminist And a Hunter who must Fight a Technical Writer in A Shark Tank",2006,English,6,2.99,G,170,15.99,"Behind the Scenes",Family,"28//WOODY//HOFFMAN,34//AUDREY//OLIVIER,123//JULIANNE//DENCH,126//FRANCES//TOMEI,130//GRETA//KEITEL,141//CATE//HARRIS,160//CHRIS//DEPP,161//HARVEY//HOPE,189//CUBA//BIRCH"
44,"ATTACKS HATE","A Fast-Paced Panorama of a Technical Writer And a Mad Scientist who must Find a Feminist in An Abandoned Mine Shaft",2006,English,5,4.99,PG-13,113,21.99,"Trailers,Behind the Scenes",Sci-Fi,"18//DAN//TORN,74//MILLA//KEITEL,106//GROUCHO//DUNST,193//BURT//TEMPLE"
45,"ATTRACTION NEWTON","A Astounding Panorama of a Composer And a Frisbee who must Reach a Husband in Ancient Japan",2006,English,5,4.99,PG-13,83,14.99,"Trailers,Behind the Scenes",New,"13//UMA//WOOD,68//RIP//WINSLET,73//GARY//PENN,163//CHRISTOPHER//WEST"
46,"AUTUMN CROW","A Beautiful Tale of a Dentist And a Mad Cow who must Battle a Moose in The Sahara Desert",2006,English,3,4.99,G,108,13.99,"Trailers,Commentaries,Deleted Scenes,Behind the Scenes",Games,"59//DUSTIN//TAUTOU,65//ANGELA//HUDSON,84//JAMES//PITT"
47,"BABY HALL","A Boring Character Study of a A Shark And a Girl who must Outrace a Feminist in An Abandoned Mine Shaft",2006,English,5,4.99,NC-17,153,23.99,Commentaries,Foreign,"2//NICK//WAHLBERG,8//MATTHEW//JOHANSSON,89//CHARLIZE//DENCH,95//DARYL//WAHLBERG,127//KEVIN//GARLAND,143//RIVER//DEAN,153//MINNIE//KILMER,158//VIVIEN//BASINGER"
48,"BACKLASH UNDEFEATED","A Stunning Character Study of a Mad Scientist And a Mad Cow who must Kill a Car in A Monastery",2006,English,3,4.99,PG-13,118,24.99,"Trailers,Behind the Scenes",Children,"58//CHRISTIAN//AKROYD,87//SPENCER//PECK,91//CHRISTOPHER//BERRY,109//SYLVESTER//DERN,116//DAN//STREEP,127//KEVIN//GARLAND,131//JANE//JACKMAN"
49,"BADMAN DAWN","A Emotional Panorama of a Pioneer And a Composer who must Escape a Mad Scientist in A Jet Boat",2006,English,6,2.99,R,162,22.99,"Trailers,Commentaries,Behind the Scenes",Sci-Fi,"83//BEN//WILLIS,115//HARRISON//BALE,118//CUBA//ALLEN,119//WARREN//JACKMAN,130//GRETA//KEITEL,171//OLYMPIA//PFEIFFER,173//ALAN//DREYFUSS,200//THORA//TEMPLE"
50,"BAKED CLEOPATRA","A Stunning Drama of a Forensic Psychologist And a Husband who must Overcome a Waitress in A Monastery",2006,English,3,2.99,G,182,20.99,"Commentaries,Behind the Scenes",Family,70//MICHELLE//MCCONAUGHEY
51,"BALLOON HOMEWARD","A Insightful Panorama of a Forensic Psychologist And a Mad Cow who must Build a Mad Scientist in The First Manned Space Station",2006,English,5,2.99,NC-17,75,10.99,"Deleted Scenes",Music,"46//PARKER//GOLDBERG,53//MENA//TEMPLE,73//GARY//PENN,133//RICHARD//PENN,187//RENEE//BALL,188//ROCK//DUKAKIS"
52,"BALLROOM MOCKINGBIRD","A Thrilling Documentary of a Composer And a Monkey who must Find a Feminist in California",2006,English,6,0.99,G,173,29.99,"Commentaries,Deleted Scenes",Foreign,"35//JUDY//DEAN,71//ADAM//GRANT,83//BEN//WILLIS,95//DARYL//WAHLBERG,115//HARRISON//BALE,138//LUCILLE//DEE,177//GENE//MCKELLEN"
53,"BANG KWAI","A Epic Drama of a Madman And a Cat who must Face a A Shark in An Abandoned Amusement Park",2006,English,5,2.99,NC-17,87,25.99,"Commentaries,Deleted Scenes,Behind the Scenes",Family,"6//BETTE//NICHOLSON,30//SANDRA//PECK,47//JULIA//BARRYMORE,70//MICHELLE//MCCONAUGHEY,102//WALTER//TORN,149//RUSSELL//TEMPLE,156//FAY//WOOD"
54,"BANGER PINOCCHIO","A Awe-Inspiring Drama of a Car And a Pastry Chef who must Chase a Crocodile in The First Manned Space Station",2006,English,5,0.99,R,113,15.99,"Trailers,Commentaries,Deleted Scenes",Music,"5//JOHNNY//LOLLOBRIGIDA,20//LUCILLE//TRACY,59//DUSTIN//TAUTOU,62//JAYNE//NEESON,96//GENE//WILLIS,190//AUDREY//BAILEY"
55,"BARBARELLA STREETCAR","A Awe-Inspiring Story of a Feminist And a Cat who must Conquer a Dog in A Monastery",2006,English,6,2.99,G,65,27.99,"Behind the Scenes",Sci-Fi,"66//MARY//TANDY,118//CUBA//ALLEN,166//NICK//DEGENERES,173//ALAN//DREYFUSS,177//GENE//MCKELLEN"
56,"BAREFOOT MANCHURIAN","A Intrepid Story of a Cat And a Student who must Vanquish a Girl in An Abandoned Amusement Park",2006,English,6,2.99,G,129,15.99,"Trailers,Commentaries",Action,"4//JENNIFER//DAVIS,22//ELVIS//MARX,33//MILLA//PECK,43//KIRK//JOVOVICH,129//DARYL//CRAWFORD,136//ED//MANSFIELD,137//MORGAN//WILLIAMS,168//WILL//WILSON"
57,"BASIC EASY","A Stunning Epistle of a Man And a Husband who must Reach a Mad Scientist in A Jet Boat",2006,English,4,2.99,PG-13,90,18.99,"Deleted Scenes",Travel,"67//JESSICA//BAILEY,120//PENELOPE//MONROE,130//GRETA//KEITEL,139//EWAN//GOODING,148//EMILY//DEE,172//GROUCHO//WILLIAMS"
58,"BEACH HEARTBREAKERS","A Fateful Display of a Womanizer And a Mad Scientist who must Outgun a A Shark in Soviet Georgia",2006,English,6,2.99,G,122,16.99,"Deleted Scenes,Behind the Scenes",Documentary,"28//WOODY//HOFFMAN,44//NICK//STALLONE,53//MENA//TEMPLE,83//BEN//WILLIS,96//GENE//WILLIS,126//FRANCES//TOMEI,161//HARVEY//HOPE"
59,"BEAR GRACELAND","A Astounding Saga of a Dog And a Boy who must Kill a Teacher in The First Manned Space Station",2006,English,4,2.99,R,160,20.99,"Deleted Scenes",Children,"81//SCARLETT//DAMON,104//PENELOPE//CRONYN,152//BEN//HARRIS"
60,"BEAST HUNCHBACK","A Awe-Inspiring Epistle of a Student And a Squirrel who must Defeat a Boy in Ancient China",2006,English,3,4.99,R,89,22.99,"Deleted Scenes,Behind the Scenes",Classics,"6//BETTE//NICHOLSON,41//JODIE//DEGENERES,76//ANGELINA//ASTAIRE,94//KENNETH//TORN,101//SUSAN//DAVIS"
61,"BEAUTY GREASE","A Fast-Paced Display of a Composer And a Moose who must Sink a Robot in An Abandoned Mine Shaft",2006,English,5,4.99,G,175,28.99,"Trailers,Commentaries",Drama,"111//CAMERON//ZELLWEGER,136//ED//MANSFIELD,138//LUCILLE//DEE,166//NICK//DEGENERES,174//MICHAEL//BENING"
62,"BED HIGHBALL","A Astounding Panorama of a Lumberjack And a Dog who must Redeem a Woman in An Abandoned Fun House",2006,English,5,2.99,NC-17,106,23.99,"Trailers,Commentaries,Deleted Scenes",Documentary,"4//JENNIFER//DAVIS,107//GINA//DEGENERES,110//SUSAN//DAVIS,125//ALBERT//NOLTE,190//AUDREY//BAILEY"
63,"BEDAZZLED MARRIED","A Astounding Character Study of a Madman And a Robot who must Meet a Mad Scientist in An Abandoned Fun House",2006,English,6,0.99,PG,73,21.99,"Trailers,Deleted Scenes,Behind the Scenes",Family,"20//LUCILLE//TRACY,51//GARY//PHOENIX,56//DAN//HARRIS,120//PENELOPE//MONROE,150//JAYNE//NOLTE,167//LAURENCE//BULLOCK,197//REESE//WEST"
64,"BEETHOVEN EXORCIST","A Epic Display of a Pioneer And a Student who must Challenge a Butler in The Gulf of Mexico",2006,English,6,0.99,PG-13,151,26.99,"Commentaries,Behind the Scenes",Drama,"30//SANDRA//PECK,119//WARREN//JACKMAN,124//SCARLETT//BENING,153//MINNIE//KILMER,158//VIVIEN//BASINGER,196//BELA//WALKEN"
65,"BEHAVIOR RUNAWAY","A Unbelieveable Drama of a Student And a Husband who must Outrace a Sumo Wrestler in Berlin",2006,English,3,4.99,PG,100,20.99,"Trailers,Deleted Scenes,Behind the Scenes",Horror,"32//TIM//HACKMAN,45//REESE//KILMER,95//DARYL//WAHLBERG,135//RITA//REYNOLDS,179//ED//GUINESS"
66,"BENEATH RUSH","A Astounding Panorama of a Man And a Monkey who must Discover a Man in The First Manned Space Station",2006,English,6,0.99,NC-17,53,27.99,"Commentaries,Deleted Scenes",Children,"45//REESE//KILMER,76//ANGELINA//ASTAIRE,96//GENE//WILLIS,98//CHRIS//BRIDGES,101//SUSAN//DAVIS,131//JANE//JACKMAN,158//VIVIEN//BASINGER"
67,"BERETS AGENT","A Taut Saga of a Crocodile And a Boy who must Overcome a Technical Writer in Ancient China",2006,English,5,2.99,PG-13,77,24.99,"Deleted Scenes",Action,"7//GRACE//MOSTEL,47//JULIA//BARRYMORE,67//JESSICA//BAILEY,123//JULIANNE//DENCH,141//CATE//HARRIS,144//ANGELA//WITHERSPOON,155//IAN//TANDY,175//WILLIAM//HACKMAN,194//MERYL//ALLEN,199//JULIA//FAWCETT"
68,"BETRAYED REAR","A Emotional Character Study of a Boat And a Pioneer who must Find a Explorer in A Shark Tank",2006,English,5,4.99,NC-17,122,26.99,"Commentaries,Deleted Scenes,Behind the Scenes",Children,"58//CHRISTIAN//AKROYD,76//ANGELINA//ASTAIRE,114//MORGAN//MCDORMAND,166//NICK//DEGENERES"
69,"BEVERLY OUTLAW","A Fanciful Documentary of a Womanizer And a Boat who must Defeat a Madman in The First Manned Space Station",2006,English,3,2.99,R,85,21.99,Trailers,Sci-Fi,"30//SANDRA//PECK,41//JODIE//DEGENERES,80//RALPH//CRUZ,192//JOHN//SUVARI"
70,"BIKINI BORROWERS","A Astounding Drama of a Astronaut And a Cat who must Discover a Woman in The First Manned Space Station",2006,English,7,4.99,NC-17,142,26.99,"Commentaries,Deleted Scenes",Animation,"6//BETTE//NICHOLSON,104//PENELOPE//CRONYN"
71,"BILKO ANONYMOUS","A Emotional Reflection of a Teacher And a Man who must Meet a Cat in The First Manned Space Station",2006,English,3,4.99,PG-13,100,25.99,"Commentaries,Deleted Scenes,Behind the Scenes",Family,"39//GOLDIE//BRODY,93//ELLEN//PRESLEY,183//RUSSELL//CLOSE"
72,"BILL OTHERS","A Stunning Saga of a Mad Scientist And a Forensic Psychologist who must Challenge a Squirrel in A MySQL Convention",2006,English,6,2.99,PG,93,12.99,"Trailers,Commentaries",Documentary,"59//DUSTIN//TAUTOU,85//MINNIE//ZELLWEGER,98//CHRIS//BRIDGES,149//RUSSELL//TEMPLE,165//AL//GARLAND,167//LAURENCE//BULLOCK"
73,"BINGO TALENTED","A Touching Tale of a Girl And a Crocodile who must Discover a Waitress in Nigeria",2006,English,5,2.99,PG-13,150,22.99,"Trailers,Commentaries",Sci-Fi,"39//GOLDIE//BRODY,63//CAMERON//WRAY,77//CARY//MCCONAUGHEY,176//JON//CHASE,187//RENEE//BALL"
74,"BIRCH ANTITRUST","A Fanciful Panorama of a Husband And a Pioneer who must Outgun a Dog in A Baloon",2006,English,4,4.99,PG,162,18.99,"Trailers,Commentaries,Deleted Scenes",Music,"9//JOE//SWANK,28//WOODY//HOFFMAN,95//DARYL//WAHLBERG,139//EWAN//GOODING,173//ALAN//DREYFUSS,181//MATTHEW//CARREY"
75,"BIRD INDEPENDENCE","A Thrilling Documentary of a Car And a Student who must Sink a Hunter in The Canadian Rockies",2006,English,6,4.99,G,163,14.99,"Commentaries,Behind the Scenes",Travel,"55//FAY//KILMER,150//JAYNE//NOLTE"
76,"BIRDCAGE CASPER","A Fast-Paced Saga of a Frisbee And a Astronaut who must Overcome a Feminist in Ancient India",2006,English,4,0.99,NC-17,103,23.99,"Commentaries,Deleted Scenes,Behind the Scenes",Music,"88//KENNETH//PESCI,94//KENNETH//TORN,122//SALMA//NOLTE,187//RENEE//BALL"
77,"BIRDS PERDITION","A Boring Story of a Womanizer And a Pioneer who must Face a Dog in California",2006,English,5,4.99,G,61,15.99,"Trailers,Behind the Scenes",New,"30//SANDRA//PECK,73//GARY//PENN,109//SYLVESTER//DERN,140//WHOOPI//HURT"
78,"BLACKOUT PRIVATE","A Intrepid Yarn of a Pastry Chef And a Mad Scientist who must Challenge a Secret Agent in Ancient Japan",2006,English,7,2.99,PG,85,12.99,"Trailers,Deleted Scenes",Animation,"23//SANDRA//KILMER,77//CARY//MCCONAUGHEY,111//CAMERON//ZELLWEGER,169//KENNETH//HOFFMAN,181//MATTHEW//CARREY"
79,"BLADE POLISH","A Thoughtful Character Study of a Frisbee And a Pastry Chef who must Fight a Dentist in The First Manned Space Station",2006,English,5,0.99,PG-13,114,10.99,"Trailers,Behind the Scenes",Drama,"4//JENNIFER//DAVIS,29//ALEC//WAYNE,127//KEVIN//GARLAND,143//RIVER//DEAN,144//ANGELA//WITHERSPOON"
80,"BLANKET BEVERLY","A Emotional Documentary of a Student And a Girl who must Build a Boat in Nigeria",2006,English,7,2.99,G,148,21.99,Trailers,Family,"16//FRED//COSTNER,173//ALAN//DREYFUSS,193//BURT//TEMPLE,200//THORA//TEMPLE"
81,"BLINDNESS GUN","A Touching Drama of a Robot And a Dentist who must Meet a Hunter in A Jet Boat",2006,English,6,4.99,PG-13,103,29.99,"Trailers,Behind the Scenes",Sci-Fi,"36//BURT//DUKAKIS,98//CHRIS//BRIDGES,132//ADAM//HOPPER"
82,"BLOOD ARGONAUTS","A Boring Drama of a Explorer And a Man who must Kill a Lumberjack in A Manhattan Penthouse",2006,English,3,0.99,G,71,13.99,"Trailers,Commentaries,Behind the Scenes",Family,"128//CATE//MCQUEEN,132//ADAM//HOPPER,159//LAURA//BRODY,189//CUBA//BIRCH"
83,"BLUES INSTINCT","A Insightful Documentary of a Boat And a Composer who must Meet a Forensic Psychologist in An Abandoned Fun House",2006,English,5,2.99,G,50,18.99,"Trailers,Deleted Scenes,Behind the Scenes",Family,"24//CAMERON//STREEP,106//GROUCHO//DUNST,122//SALMA//NOLTE,181//MATTHEW//CARREY"
84,"BOILED DARES","A Awe-Inspiring Story of a Waitress And a Dog who must Discover a Dentist in Ancient Japan",2006,English,7,4.99,PG,102,13.99,"Trailers,Commentaries",Travel,"18//DAN//TORN,32//TIM//HACKMAN,44//NICK//STALLONE,54//PENELOPE//PINKETT,99//JIM//MOSTEL,113//MORGAN//HOPKINS,191//GREGORY//GOODING,199//JULIA//FAWCETT"
85,"BONNIE HOLOCAUST","A Fast-Paced Story of a Crocodile And a Robot who must Find a Moose in Ancient Japan",2006,English,4,0.99,G,63,29.99,"Deleted Scenes",Documentary,"5//JOHNNY//LOLLOBRIGIDA,27//JULIA//MCQUEEN,60//HENRY//BERRY,85//MINNIE//ZELLWEGER,101//SUSAN//DAVIS,126//FRANCES//TOMEI,147//FAY//WINSLET,162//OPRAH//KILMER,179//ED//GUINESS"
86,"BOOGIE AMELIE","A Lacklusture Character Study of a Husband And a Sumo Wrestler who must Succumb a Technical Writer in The Gulf of Mexico",2006,English,6,4.99,R,121,11.99,"Commentaries,Behind the Scenes",Music,"25//KEVIN//BLOOM,41//JODIE//DEGENERES,78//GROUCHO//SINATRA,166//NICK//DEGENERES,177//GENE//MCKELLEN,194//MERYL//ALLEN"
87,"BOONDOCK BALLROOM","A Fateful Panorama of a Crocodile And a Boy who must Defeat a Monkey in The Gulf of Mexico",2006,English,7,0.99,NC-17,76,14.99,"Behind the Scenes",Travel,"3//ED//CHASE,4//JENNIFER//DAVIS,13//UMA//WOOD,16//FRED//COSTNER,21//KIRSTEN//PALTROW,30//SANDRA//PECK,56//DAN//HARRIS,64//RAY//JOHANSSON,88//KENNETH//PESCI,98//CHRIS//BRIDGES,119//WARREN//JACKMAN,184//HUMPHREY//GARLAND,190//AUDREY//BAILEY"
88,"BORN SPINAL","A Touching Epistle of a Frisbee And a Husband who must Pursue a Student in Nigeria",2006,English,7,4.99,PG,179,17.99,"Trailers,Commentaries,Deleted Scenes",Travel,"21//KIRSTEN//PALTROW,31//SISSY//SOBIESKI,44//NICK//STALLONE,59//DUSTIN//TAUTOU,64//RAY//JOHANSSON,69//KENNETH//PALTROW,116//DAN//STREEP,135//RITA//REYNOLDS,194//MERYL//ALLEN"
89,"BORROWERS BEDAZZLED","A Brilliant Epistle of a Teacher And a Sumo Wrestler who must Defeat a Man in An Abandoned Fun House",2006,English,7,0.99,G,63,22.99,"Commentaries,Deleted Scenes,Behind the Scenes",Animation,"15//CUBA//OLIVIER,22//ELVIS//MARX,43//KIRK//JOVOVICH,81//SCARLETT//DAMON,129//DARYL//CRAWFORD,161//HARVEY//HOPE,176//JON//CHASE"
90,"BOULEVARD MOB","A Fateful Epistle of a Moose And a Monkey who must Confront a Lumberjack in Ancient China",2006,English,3,0.99,R,63,11.99,Trailers,New,"26//RIP//CRAWFORD,34//AUDREY//OLIVIER,92//KIRSTEN//AKROYD,114//MORGAN//MCDORMAND,116//DAN//STREEP,139//EWAN//GOODING,144//ANGELA//WITHERSPOON,161//HARVEY//HOPE"
91,"BOUND CHEAPER","A Thrilling Panorama of a Database Administrator And a Astronaut who must Challenge a Lumberjack in A Baloon",2006,English,5,0.99,PG,98,17.99,"Behind the Scenes",Classics,"12//KARL//BERRY,15//CUBA//OLIVIER"
92,"BOWFINGER GABLES","A Fast-Paced Yarn of a Waitress And a Composer who must Outgun a Dentist in California",2006,English,7,4.99,NC-17,72,19.99,"Trailers,Deleted Scenes",Horror,"12//KARL//BERRY,52//CARMEN//HUNT,70//MICHELLE//MCCONAUGHEY,85//MINNIE//ZELLWEGER,168//WILL//WILSON"
93,"BRANNIGAN SUNRISE","A Amazing Epistle of a Moose And a Crocodile who must Outrace a Dog in Berlin",2006,English,4,4.99,PG,121,27.99,Trailers,New,"26//RIP//CRAWFORD,169//KENNETH//HOFFMAN"
94,"BRAVEHEART HUMAN","A Insightful Story of a Dog And a Pastry Chef who must Battle a Girl in Berlin",2006,English,7,2.99,PG-13,176,14.99,"Trailers,Deleted Scenes",Family,"44//NICK//STALLONE,92//KIRSTEN//AKROYD,131//JANE//JACKMAN,150//JAYNE//NOLTE"
95,"BREAKFAST GOLDFINGER","A Beautiful Reflection of a Student And a Student who must Fight a Moose in Berlin",2006,English,5,4.99,G,123,18.99,"Trailers,Commentaries,Deleted Scenes",New,"76//ANGELINA//ASTAIRE,149//RUSSELL//TEMPLE,165//AL//GARLAND,185//MICHAEL//BOLGER,186//JULIA//ZELLWEGER"
96,"BREAKING HOME","A Beautiful Display of a Secret Agent And a Monkey who must Battle a Sumo Wrestler in An Abandoned Mine Shaft",2006,English,4,2.99,PG-13,169,21.99,"Trailers,Commentaries",New,"7//GRACE//MOSTEL,17//HELEN//VOIGHT,28//WOODY//HOFFMAN,52//CARMEN//HUNT,126//FRANCES//TOMEI,137//MORGAN//WILLIAMS"
97,"BRIDE INTRIGUE","A Epic Tale of a Robot And a Monkey who must Vanquish a Man in New Orleans",2006,English,7,0.99,G,56,24.99,"Trailers,Commentaries,Behind the Scenes",Action,65//ANGELA//HUDSON
98,"BRIGHT ENCOUNTERS","A Fateful Yarn of a Lumberjack And a Feminist who must Conquer a Student in A Jet Boat",2006,English,4,4.99,PG-13,73,12.99,Trailers,Drama,"111//CAMERON//ZELLWEGER,125//ALBERT//NOLTE,187//RENEE//BALL,194//MERYL//ALLEN"
99,"BRINGING HYSTERICAL","A Fateful Saga of a A Shark And a Technical Writer who must Find a Woman in A Jet Boat",2006,English,7,2.99,PG,136,14.99,Trailers,Comedy,"48//FRANCES//DAY-LEWIS,144//ANGELA//WITHERSPOON"
100,"BROOKLYN DESERT","A Beautiful Drama of a Dentist And a Composer who must Battle a Sumo Wrestler in The First Manned Space Station",2006,English,7,4.99,R,161,21.99,Commentaries,Foreign,"41//JODIE//DEGENERES,62//JAYNE//NEESON,90//SEAN//GUINESS,125//ALBERT//NOLTE,172//GROUCHO//WILLIAMS"
101,"BROTHERHOOD BLANKET","A Fateful Character Study of a Butler And a Technical Writer who must Sink a Astronaut in Ancient Japan",2006,English,3,0.99,R,73,26.99,"Behind the Scenes",Documentary,"16//FRED//COSTNER,48//FRANCES//DAY-LEWIS,57//JUDE//CRUISE,62//JAYNE//NEESON,129//DARYL//CRAWFORD"
102,"BUBBLE GROSSE","A Awe-Inspiring Panorama of a Crocodile And a Moose who must Confront a Girl in A Baloon",2006,English,4,4.99,R,60,20.99,"Trailers,Commentaries,Deleted Scenes,Behind the Scenes",Sports,"158//VIVIEN//BASINGER,170//MENA//HOPPER,188//ROCK//DUKAKIS"
103,"BUCKET BROTHERHOOD","A Amazing Display of a Girl And a Womanizer who must Succumb a Lumberjack in A Baloon Factory",2006,English,7,4.99,PG,133,27.99,"Commentaries,Deleted Scenes",Travel,"26//RIP//CRAWFORD,32//TIM//HACKMAN,51//GARY//PHOENIX,89//CHARLIZE//DENCH,92//KIRSTEN//AKROYD,193//BURT//TEMPLE"
104,"BUGSY SONG","A Awe-Inspiring Character Study of a Secret Agent And a Boat who must Find a Squirrel in The First Manned Space Station",2006,English,4,2.99,G,119,17.99,Commentaries,Foreign,"82//WOODY//JOLIE,92//KIRSTEN//AKROYD"
105,"BULL SHAWSHANK","A Fanciful Drama of a Moose And a Squirrel who must Conquer a Pioneer in The Canadian Rockies",2006,English,6,0.99,NC-17,125,21.99,"Deleted Scenes",Action,"2//NICK//WAHLBERG,23//SANDRA//KILMER,29//ALEC//WAYNE,43//KIRK//JOVOVICH,116//DAN//STREEP,123//JULIANNE//DENCH,144//ANGELA//WITHERSPOON,150//JAYNE//NOLTE"
106,"BULWORTH COMMANDMENTS","A Amazing Display of a Mad Cow And a Pioneer who must Redeem a Sumo Wrestler in The Outback",2006,English,4,2.99,G,61,14.99,Trailers,Games,"1//PENELOPE//GUINESS,65//ANGELA//HUDSON,124//SCARLETT//BENING,173//ALAN//DREYFUSS"
107,"BUNCH MINDS","A Emotional Story of a Feminist And a Feminist who must Escape a Pastry Chef in A MySQL Convention",2006,English,4,2.99,G,63,13.99,"Behind the Scenes",Drama,"12//KARL//BERRY,28//WOODY//HOFFMAN,40//JOHNNY//CAGE,98//CHRIS//BRIDGES,130//GRETA//KEITEL,139//EWAN//GOODING,142//JADA//RYDER,167//LAURENCE//BULLOCK"
108,"BUTCH PANTHER","A Lacklusture Yarn of a Feminist And a Database Administrator who must Face a Hunter in New Orleans",2006,English,6,0.99,PG-13,67,19.99,"Trailers,Commentaries,Deleted Scenes",New,"15//CUBA//OLIVIER,52//CARMEN//HUNT,106//GROUCHO//DUNST"
109,"BUTTERFLY CHOCOLAT","A Fateful Story of a Girl And a Composer who must Conquer a Husband in A Shark Tank",2006,English,3,0.99,G,89,17.99,"Behind the Scenes",New,"44//NICK//STALLONE,53//MENA//TEMPLE,145//KIM//ALLEN,178//LISA//MONROE,179//ED//GUINESS,193//BURT//TEMPLE,198//MARY//KEITEL"
110,"CABIN FLASH","A Stunning Epistle of a Boat And a Man who must Challenge a A Shark in A Baloon Factory",2006,English,4,0.99,NC-17,53,25.99,"Commentaries,Deleted Scenes",Children,"13//UMA//WOOD,29//ALEC//WAYNE,83//BEN//WILLIS,187//RENEE//BALL"
111,"CADDYSHACK JEDI","A Awe-Inspiring Epistle of a Woman And a Madman who must Fight a Robot in Soviet Georgia",2006,English,3,0.99,NC-17,52,17.99,"Commentaries,Deleted Scenes",Action,"3//ED//CHASE,22//ELVIS//MARX,38//TOM//MCKELLEN,50//NATALIE//HOPKINS,69//KENNETH//PALTROW,154//MERYL//GIBSON,188//ROCK//DUKAKIS"
112,"CALENDAR GUNFIGHT","A Thrilling Drama of a Frisbee And a Lumberjack who must Sink a Man in Nigeria",2006,English,4,4.99,NC-17,120,22.99,"Trailers,Commentaries,Behind the Scenes",Foreign,"6//BETTE//NICHOLSON,24//CAMERON//STREEP,32//TIM//HACKMAN,33//MILLA//PECK,51//GARY//PHOENIX,107//GINA//DEGENERES,130//GRETA//KEITEL,140//WHOOPI//HURT"
113,"CALIFORNIA BIRDS","A Thrilling Yarn of a Database Administrator And a Robot who must Battle a Database Administrator in Ancient India",2006,English,4,4.99,NC-17,75,19.99,"Trailers,Commentaries,Deleted Scenes",Sports,"124//SCARLETT//BENING,183//RUSSELL//CLOSE"
114,"CAMELOT VACATION","A Touching Character Study of a Woman And a Waitress who must Battle a Pastry Chef in A MySQL Convention",2006,English,3,0.99,NC-17,61,26.99,"Trailers,Commentaries,Deleted Scenes,Behind the Scenes",Sci-Fi,"57//JUDE//CRUISE,125//ALBERT//NOLTE"
115,"CAMPUS REMEMBER","A Astounding Drama of a Crocodile And a Mad Cow who must Build a Robot in A Jet Boat",2006,English,5,2.99,R,167,27.99,"Behind the Scenes",Action,"8//MATTHEW//JOHANSSON,45//REESE//KILMER,168//WILL//WILSON"
116,"CANDIDATE PERDITION","A Brilliant Epistle of a Composer And a Database Administrator who must Vanquish a Mad Scientist in The First Manned Space Station",2006,English,4,2.99,R,70,10.99,"Deleted Scenes,Behind the Scenes",Classics,"23//SANDRA//KILMER,105//SIDNEY//CROWE,113//MORGAN//HOPKINS,200//THORA//TEMPLE"
117,"CANDLES GRAPES","A Fanciful Character Study of a Monkey And a Explorer who must Build a Astronaut in An Abandoned Fun House",2006,English,6,4.99,NC-17,135,15.99,"Trailers,Deleted Scenes",Games,"23//SANDRA//KILMER,45//REESE//KILMER,65//ANGELA//HUDSON,74//MILLA//KEITEL,89//CHARLIZE//DENCH,146//ALBERT//JOHANSSON,192//JOHN//SUVARI"
118,"CANYON STOCK","A Thoughtful Reflection of a Waitress And a Feminist who must Escape a Squirrel in A Manhattan Penthouse",2006,English,7,0.99,R,85,26.99,"Trailers,Deleted Scenes",Animation,"11//ZERO//CAGE,37//VAL//BOLGER,80//RALPH//CRUZ,100//SPENCER//DEPP,103//MATTHEW//LEIGH,149//RUSSELL//TEMPLE"
119,"CAPER MOTIONS","A Fateful Saga of a Moose And a Car who must Pursue a Woman in A MySQL Convention",2006,English,6,0.99,G,176,22.99,"Trailers,Commentaries,Deleted Scenes",Comedy,"17//HELEN//VOIGHT,34//AUDREY//OLIVIER,37//VAL//BOLGER,58//CHRISTIAN//AKROYD,127//KEVIN//GARLAND,128//CATE//MCQUEEN,193//BURT//TEMPLE"
120,"CARIBBEAN LIBERTY","A Fanciful Tale of a Pioneer And a Technical Writer who must Outgun a Pioneer in A Shark Tank",2006,English,3,4.99,NC-17,92,16.99,"Commentaries,Deleted Scenes",Sports,"83//BEN//WILLIS,93//ELLEN//PRESLEY,98//CHRIS//BRIDGES,110//SUSAN//DAVIS,131//JANE//JACKMAN,145//KIM//ALLEN,161//HARVEY//HOPE,167//LAURENCE//BULLOCK"
121,"CAROL TEXAS","A Astounding Character Study of a Composer And a Student who must Overcome a Composer in A Monastery",2006,English,4,2.99,PG,151,15.99,"Trailers,Behind the Scenes",Animation,"16//FRED//COSTNER,51//GARY//PHOENIX,59//DUSTIN//TAUTOU,83//BEN//WILLIS,158//VIVIEN//BASINGER,162//OPRAH//KILMER,200//THORA//TEMPLE"
122,"CARRIE BUNCH","A Amazing Epistle of a Student And a Astronaut who must Discover a Frisbee in The Canadian Rockies",2006,English,7,0.99,PG,114,11.99,"Trailers,Commentaries,Behind the Scenes",Horror,"37//VAL//BOLGER,53//MENA//TEMPLE,57//JUDE//CRUISE,76//ANGELINA//ASTAIRE,94//KENNETH//TORN,157//GRETA//MALDEN,196//BELA//WALKEN"
123,"CASABLANCA SUPER","A Amazing Panorama of a Crocodile And a Forensic Psychologist who must Pursue a Secret Agent in The First Manned Space Station",2006,English,6,4.99,G,85,22.99,"Trailers,Deleted Scenes,Behind the Scenes",Travel,"92//KIRSTEN//AKROYD,102//WALTER//TORN,144//ANGELA//WITHERSPOON,197//REESE//WEST"
124,"CASPER DRAGONFLY","A Intrepid Documentary of a Boat And a Crocodile who must Chase a Robot in The Sahara Desert",2006,English,3,4.99,PG-13,163,16.99,Trailers,Children,"17//HELEN//VOIGHT,64//RAY//JOHANSSON,80//RALPH//CRUZ,93//ELLEN//PRESLEY,102//WALTER//TORN"
125,"CASSIDY WYOMING","A Intrepid Drama of a Frisbee And a Hunter who must Kill a Secret Agent in New Orleans",2006,English,5,2.99,NC-17,61,19.99,"Commentaries,Behind the Scenes",Travel,"15//CUBA//OLIVIER,23//SANDRA//KILMER,34//AUDREY//OLIVIER,65//ANGELA//HUDSON,138//LUCILLE//DEE,144//ANGELA//WITHERSPOON,198//MARY//KEITEL"
126,"CASUALTIES ENCINO","A Insightful Yarn of a A Shark And a Pastry Chef who must Face a Boy in A Monastery",2006,English,3,4.99,G,179,16.99,Trailers,Action,"24//CAMERON//STREEP,53//MENA//TEMPLE,95//DARYL//WAHLBERG,106//GROUCHO//DUNST,110//SUSAN//DAVIS"
127,"CAT CONEHEADS","A Fast-Paced Panorama of a Girl And a A Shark who must Confront a Boy in Ancient India",2006,English,5,4.99,G,112,14.99,"Commentaries,Deleted Scenes",Comedy,"17//HELEN//VOIGHT,144//ANGELA//WITHERSPOON,159//LAURA//BRODY,187//RENEE//BALL"
128,"CATCH AMISTAD","A Boring Reflection of a Lumberjack And a Feminist who must Discover a Woman in Nigeria",2006,English,7,0.99,G,183,10.99,"Trailers,Behind the Scenes",Foreign,"40//JOHNNY//CAGE,58//CHRISTIAN//AKROYD,88//KENNETH//PESCI,116//DAN//STREEP,155//IAN//TANDY"
129,"CAUSE DATE","A Taut Tale of a Explorer And a Pastry Chef who must Conquer a Hunter in A MySQL Convention",2006,English,3,2.99,R,179,16.99,"Commentaries,Deleted Scenes,Behind the Scenes",Documentary,"54//PENELOPE//PINKETT,59//DUSTIN//TAUTOU,62//JAYNE//NEESON,175//WILLIAM//HACKMAN,195//JAYNE//SILVERSTONE,197//REESE//WEST"
130,"CELEBRITY HORN","A Amazing Documentary of a Secret Agent And a Astronaut who must Vanquish a Hunter in A Shark Tank",2006,English,7,0.99,PG-13,110,24.99,"Deleted Scenes,Behind the Scenes",Action,"59//DUSTIN//TAUTOU,103//MATTHEW//LEIGH,144//ANGELA//WITHERSPOON,195//JAYNE//SILVERSTONE"
131,"CENTER DINOSAUR","A Beautiful Character Study of a Sumo Wrestler And a Dentist who must Find a Dog in California",2006,English,5,4.99,PG,152,12.99,"Deleted Scenes",Classics,"29//ALEC//WAYNE,147//FAY//WINSLET,151//GEOFFREY//HESTON,179//ED//GUINESS"
132,"CHAINSAW UPTOWN","A Beautiful Documentary of a Boy And a Robot who must Discover a Squirrel in Australia",2006,English,6,0.99,PG,114,25.99,"Deleted Scenes,Behind the Scenes",Sci-Fi,"2//NICK//WAHLBERG,134//GENE//HOPKINS"
133,"CHAMBER ITALIAN","A Fateful Reflection of a Moose And a Husband who must Overcome a Monkey in Nigeria",2006,English,7,4.99,NC-17,117,14.99,Trailers,Music,"29//ALEC//WAYNE,60//HENRY//BERRY,68//RIP//WINSLET,107//GINA//DEGENERES,132//ADAM//HOPPER,133//RICHARD//PENN,148//EMILY//DEE"
134,"CHAMPION FLATLINERS","A Amazing Story of a Mad Cow And a Dog who must Kill a Husband in A Monastery",2006,English,4,4.99,PG,51,21.99,Trailers,Animation,"48//FRANCES//DAY-LEWIS,57//JUDE//CRUISE,63//CAMERON//WRAY,96//GENE//WILLIS"
135,"CHANCE RESURRECTION","A Astounding Story of a Forensic Psychologist And a Forensic Psychologist who must Overcome a Moose in Ancient China",2006,English,3,2.99,R,70,22.99,"Commentaries,Deleted Scenes,Behind the Scenes",Sports,"33//MILLA//PECK,58//CHRISTIAN//AKROYD,83//BEN//WILLIS,140//WHOOPI//HURT,144//ANGELA//WITHERSPOON,194//MERYL//ALLEN"
136,"CHAPLIN LICENSE","A Boring Drama of a Dog And a Forensic Psychologist who must Outrace a Explorer in Ancient India",2006,English,7,2.99,NC-17,146,26.99,"Behind the Scenes",New,"32//TIM//HACKMAN,104//PENELOPE//CRONYN,106//GROUCHO//DUNST,107//GINA//DEGENERES,118//CUBA//ALLEN,153//MINNIE//KILMER"
137,"CHARADE DUFFEL","A Action-Packed Display of a Man And a Waitress who must Build a Dog in A MySQL Convention",2006,English,3,2.99,PG,66,21.99,"Trailers,Deleted Scenes,Behind the Scenes",Sci-Fi,"86//GREG//CHAPLIN,92//KIRSTEN//AKROYD,108//WARREN//NOLTE"
138,"CHARIOTS CONSPIRACY","A Unbelieveable Epistle of a Robot And a Husband who must Chase a Robot in The First Manned Space Station",2006,English,5,2.99,R,71,29.99,"Deleted Scenes,Behind the Scenes",Sci-Fi,"107//GINA//DEGENERES,185//MICHAEL//BOLGER"
139,"CHASING FIGHT","A Astounding Saga of a Technical Writer And a Butler who must Battle a Butler in A Shark Tank",2006,English,7,4.99,PG,114,21.99,"Trailers,Commentaries",Family,"42//TOM//MIRANDA,142//JADA//RYDER,147//FAY//WINSLET,149//RUSSELL//TEMPLE,170//MENA//HOPPER"
140,"CHEAPER CLYDE","A Emotional Character Study of a Pioneer And a Girl who must Discover a Dog in Ancient Japan",2006,English,6,0.99,G,87,23.99,"Trailers,Commentaries,Behind the Scenes",Sci-Fi,"1//PENELOPE//GUINESS,20//LUCILLE//TRACY"
141,"CHICAGO NORTH","A Fateful Yarn of a Mad Cow And a Waitress who must Battle a Student in California",2006,English,6,4.99,PG-13,185,11.99,"Deleted Scenes,Behind the Scenes",Games,"79//MAE//HOFFMAN,118//CUBA//ALLEN,121//LIZA//BERGMAN,127//KEVIN//GARLAND,143//RIVER//DEAN,154//MERYL//GIBSON,193//BURT//TEMPLE,195//JAYNE//SILVERSTONE"
142,"CHICKEN HELLFIGHTERS","A Emotional Drama of a Dog And a Explorer who must Outrace a Technical Writer in Australia",2006,English,3,0.99,PG,122,24.99,"Trailers,Commentaries,Deleted Scenes,Behind the Scenes",Documentary,"21//KIRSTEN//PALTROW,60//HENRY//BERRY"
143,"CHILL LUCK","A Lacklusture Epistle of a Boat And a Technical Writer who must Fight a A Shark in The Canadian Rockies",2006,English,6,0.99,PG,142,17.99,"Trailers,Commentaries,Deleted Scenes",Drama,"66//MARY//TANDY,75//BURT//POSEY,82//WOODY//JOLIE,97//MEG//HAWKE,119//WARREN//JACKMAN"
144,"CHINATOWN GLADIATOR","A Brilliant Panorama of a Technical Writer And a Lumberjack who must Escape a Butler in Ancient India",2006,English,7,4.99,PG,61,24.99,"Trailers,Commentaries,Deleted Scenes",New,"13//UMA//WOOD,18//DAN//TORN,19//BOB//FAWCETT,57//JUDE//CRUISE,67//JESSICA//BAILEY,72//SEAN//WILLIAMS,120//PENELOPE//MONROE,151//GEOFFREY//HESTON,180//JEFF//SILVERSTONE,195//JAYNE//SILVERSTONE"
145,"CHISUM BEHAVIOR","A Epic Documentary of a Sumo Wrestler And a Butler who must Kill a Car in Ancient India",2006,English,5,4.99,G,124,25.99,"Trailers,Commentaries,Behind the Scenes",Family,"2//NICK//WAHLBERG,134//GENE//HOPKINS,147//FAY//WINSLET,199//JULIA//FAWCETT"
146,"CHITTY LOCK","A Boring Epistle of a Boat And a Database Administrator who must Kill a Sumo Wrestler in The First Manned Space Station",2006,English,6,2.99,G,107,24.99,Commentaries,Drama,"5//JOHNNY//LOLLOBRIGIDA,20//LUCILLE//TRACY,22//ELVIS//MARX,31//SISSY//SOBIESKI,37//VAL//BOLGER,101//SUSAN//DAVIS,149//RUSSELL//TEMPLE,165//AL//GARLAND,166//NICK//DEGENERES,171//OLYMPIA//PFEIFFER,178//LISA//MONROE,184//HUMPHREY//GARLAND,188//ROCK//DUKAKIS"
147,"CHOCOLAT HARRY","A Action-Packed Epistle of a Dentist And a Moose who must Meet a Mad Cow in Ancient Japan",2006,English,5,0.99,NC-17,101,16.99,"Commentaries,Behind the Scenes",Family,"9//JOE//SWANK,26//RIP//CRAWFORD,43//KIRK//JOVOVICH,131//JANE//JACKMAN,197//REESE//WEST"
148,"CHOCOLATE DUCK","A Unbelieveable Story of a Mad Scientist And a Technical Writer who must Discover a Composer in Ancient China",2006,English,3,2.99,R,132,13.99,"Trailers,Commentaries,Behind the Scenes",Foreign,"9//JOE//SWANK,24//CAMERON//STREEP,73//GARY//PENN,85//MINNIE//ZELLWEGER,123//JULIANNE//DENCH,164//HUMPHREY//WILLIS,172//GROUCHO//WILLIAMS"
149,"CHRISTMAS MOONSHINE","A Action-Packed Epistle of a Feminist And a Astronaut who must Conquer a Boat in A Manhattan Penthouse",2006,English,7,0.99,NC-17,150,21.99,"Trailers,Commentaries,Behind the Scenes",Children,"120//PENELOPE//MONROE,148//EMILY//DEE,200//THORA//TEMPLE"
150,"CIDER DESIRE","A Stunning Character Study of a Composer And a Mad Cow who must Succumb a Cat in Soviet Georgia",2006,English,7,2.99,PG,101,9.99,"Behind the Scenes",Documentary,"27//JULIA//MCQUEEN,41//JODIE//DEGENERES,48//FRANCES//DAY-LEWIS,54//PENELOPE//PINKETT,176//JON//CHASE"
151,"CINCINATTI WHISPERER","A Brilliant Saga of a Pastry Chef And a Hunter who must Confront a Butler in Berlin",2006,English,5,4.99,NC-17,143,26.99,"Deleted Scenes",Sci-Fi,"49//ANNE//CRONYN,112//RUSSELL//BACALL,118//CUBA//ALLEN,123//JULIANNE//DENCH"
152,"CIRCUS YOUTH","A Thoughtful Drama of a Pastry Chef And a Dentist who must Pursue a Girl in A Baloon",2006,English,5,2.99,PG-13,90,13.99,"Trailers,Deleted Scenes,Behind the Scenes",Children,"19//BOB//FAWCETT,181//MATTHEW//CARREY"
153,"CITIZEN SHREK","A Fanciful Character Study of a Technical Writer And a Husband who must Redeem a Robot in The Outback",2006,English,7,0.99,G,165,18.99,"Commentaries,Deleted Scenes",Sci-Fi,"25//KEVIN//BLOOM,51//GARY//PHOENIX,57//JUDE//CRUISE,77//CARY//MCCONAUGHEY,94//KENNETH//TORN,149//RUSSELL//TEMPLE,152//BEN//HARRIS,155//IAN//TANDY"
154,"CLASH FREDDY","A Amazing Yarn of a Composer And a Squirrel who must Escape a Astronaut in Australia",2006,English,6,2.99,G,81,12.99,"Commentaries,Deleted Scenes",Animation,"13//UMA//WOOD,14//VIVIEN//BERGEN,17//HELEN//VOIGHT,33//MILLA//PECK,121//LIZA//BERGMAN,145//KIM//ALLEN,173//ALAN//DREYFUSS"
155,"CLEOPATRA DEVIL","A Fanciful Documentary of a Crocodile And a Technical Writer who must Fight a A Shark in A Baloon",2006,English,6,0.99,PG-13,150,26.99,"Trailers,Deleted Scenes,Behind the Scenes",New,"12//KARL//BERRY,16//FRED//COSTNER,139//EWAN//GOODING,145//KIM//ALLEN,156//FAY//WOOD,175//WILLIAM//HACKMAN,192//JOHN//SUVARI"
156,"CLERKS ANGELS","A Thrilling Display of a Sumo Wrestler And a Girl who must Confront a Man in A Baloon",2006,English,3,4.99,G,164,15.99,Commentaries,Documentary,"104//PENELOPE//CRONYN,110//SUSAN//DAVIS,132//ADAM//HOPPER,196//BELA//WALKEN"
157,"CLOCKWORK PARADISE","A Insightful Documentary of a Technical Writer And a Feminist who must Challenge a Cat in A Baloon",2006,English,7,0.99,PG-13,143,29.99,"Trailers,Commentaries,Deleted Scenes,Behind the Scenes",Children,"87//SPENCER//PECK,109//SYLVESTER//DERN,122//SALMA//NOLTE,127//KEVIN//GARLAND,138//LUCILLE//DEE"
158,"CLONES PINOCCHIO","A Amazing Drama of a Car And a Robot who must Pursue a Dentist in New Orleans",2006,English,6,2.99,R,124,16.99,"Behind the Scenes",Music,"8//MATTHEW//JOHANSSON,65//ANGELA//HUDSON,105//SIDNEY//CROWE,122//SALMA//NOLTE,154//MERYL//GIBSON"
159,"CLOSER BANG","A Unbelieveable Panorama of a Frisbee And a Hunter who must Vanquish a Monkey in Ancient India",2006,English,5,4.99,R,58,12.99,"Trailers,Behind the Scenes",Comedy,"21//KIRSTEN//PALTROW,41//JODIE//DEGENERES,149//RUSSELL//TEMPLE,157//GRETA//MALDEN,179//ED//GUINESS,199//JULIA//FAWCETT"
160,"CLUB GRAFFITI","A Epic Tale of a Pioneer And a Hunter who must Escape a Girl in A U-Boat",2006,English,4,0.99,PG-13,65,12.99,"Trailers,Deleted Scenes",Animation,"38//TOM//MCKELLEN,137//MORGAN//WILLIAMS,178//LISA//MONROE,182//DEBBIE//AKROYD"
161,"CLUE GRAIL","A Taut Tale of a Butler And a Mad Scientist who must Build a Crocodile in Ancient China",2006,English,6,4.99,NC-17,70,27.99,"Trailers,Commentaries,Behind the Scenes",Music,"43//KIRK//JOVOVICH,68//RIP//WINSLET,87//SPENCER//PECK,121//LIZA//BERGMAN,134//GENE//HOPKINS,194//MERYL//ALLEN"
162,"CLUELESS BUCKET","A Taut Tale of a Car And a Pioneer who must Conquer a Sumo Wrestler in An Abandoned Fun House",2006,English,4,2.99,R,95,13.99,"Trailers,Deleted Scenes,Behind the Scenes",Action,"13//UMA//WOOD,89//CHARLIZE//DENCH,107//GINA//DEGENERES,111//CAMERON//ZELLWEGER,114//MORGAN//MCDORMAND,132//ADAM//HOPPER,173//ALAN//DREYFUSS,176//JON//CHASE"
163,"CLYDE THEORY","A Beautiful Yarn of a Astronaut And a Frisbee who must Overcome a Explorer in A Jet Boat",2006,English,4,0.99,PG-13,139,29.99,"Commentaries,Deleted Scenes,Behind the Scenes",New,"31//SISSY//SOBIESKI,40//JOHNNY//CAGE,86//GREG//CHAPLIN,194//MERYL//ALLEN"
164,"COAST RAINBOW","A Astounding Documentary of a Mad Cow And a Pioneer who must Challenge a Butler in The Sahara Desert",2006,English,4,0.99,PG,55,20.99,"Trailers,Commentaries,Deleted Scenes,Behind the Scenes",Documentary,"6//BETTE//NICHOLSON,24//CAMERON//STREEP,31//SISSY//SOBIESKI,45//REESE//KILMER,48//FRANCES//DAY-LEWIS,144//ANGELA//WITHERSPOON,162//OPRAH//KILMER,178//LISA//MONROE,193//BURT//TEMPLE,197//REESE//WEST"
165,"COLDBLOODED DARLING","A Brilliant Panorama of a Dentist And a Moose who must Find a Student in The Gulf of Mexico",2006,English,7,4.99,G,70,27.99,"Trailers,Deleted Scenes",Sci-Fi,"6//BETTE//NICHOLSON,20//LUCILLE//TRACY,83//BEN//WILLIS,107//GINA//DEGENERES"
166,"COLOR PHILADELPHIA","A Thoughtful Panorama of a Car And a Crocodile who must Sink a Monkey in The Sahara Desert",2006,English,6,2.99,G,149,19.99,"Commentaries,Behind the Scenes",Classics,"1//PENELOPE//GUINESS,106//GROUCHO//DUNST,122//SALMA//NOLTE,129//DARYL//CRAWFORD,163//CHRISTOPHER//WEST,171//OLYMPIA//PFEIFFER,192//JOHN//SUVARI"
167,"COMA HEAD","A Awe-Inspiring Drama of a Boy And a Frisbee who must Escape a Pastry Chef in California",2006,English,6,4.99,NC-17,109,10.99,Commentaries,Travel,"63//CAMERON//WRAY,117//RENEE//TRACY,151//GEOFFREY//HESTON"
168,"COMANCHEROS ENEMY","A Boring Saga of a Lumberjack And a Monkey who must Find a Monkey in The Gulf of Mexico",2006,English,5,0.99,R,67,23.99,"Trailers,Behind the Scenes",Children,"39//GOLDIE//BRODY,128//CATE//MCQUEEN,150//JAYNE//NOLTE,174//MICHAEL//BENING,187//RENEE//BALL"
169,"COMFORTS RUSH","A Unbelieveable Panorama of a Pioneer And a Husband who must Meet a Mad Cow in An Abandoned Mine Shaft",2006,English,3,2.99,NC-17,76,19.99,"Commentaries,Behind the Scenes",Travel,"149//RUSSELL//TEMPLE,154//MERYL//GIBSON,164//HUMPHREY//WILLIS,184//HUMPHREY//GARLAND,196//BELA//WALKEN"
170,"COMMAND DARLING","A Awe-Inspiring Tale of a Forensic Psychologist And a Woman who must Challenge a Database Administrator in Ancient Japan",2006,English,5,4.99,PG-13,120,28.99,"Behind the Scenes",Foreign,"7//GRACE//MOSTEL,75//BURT//POSEY,88//KENNETH//PESCI,121//LIZA//BERGMAN,135//RITA//REYNOLDS,139//EWAN//GOODING,151//GEOFFREY//HESTON,154//MERYL//GIBSON"
171,"COMMANDMENTS EXPRESS","A Fanciful Saga of a Student And a Mad Scientist who must Battle a Hunter in An Abandoned Mine Shaft",2006,English,6,4.99,R,59,13.99,"Trailers,Commentaries,Deleted Scenes",Horror,"5//JOHNNY//LOLLOBRIGIDA,36//BURT//DUKAKIS,119//WARREN//JACKMAN,189//CUBA//BIRCH"
172,"CONEHEADS SMOOCHY","A Touching Story of a Womanizer And a Composer who must Pursue a Husband in Nigeria",2006,English,7,4.99,NC-17,112,12.99,"Deleted Scenes,Behind the Scenes",Drama,"5//JOHNNY//LOLLOBRIGIDA,18//DAN//TORN,27//JULIA//MCQUEEN,29//ALEC//WAYNE,34//AUDREY//OLIVIER,47//JULIA//BARRYMORE,107//GINA//DEGENERES,119//WARREN//JACKMAN,133//RICHARD//PENN"
173,"CONFESSIONS MAGUIRE","A Insightful Story of a Car And a Boy who must Battle a Technical Writer in A Baloon",2006,English,7,4.99,PG-13,65,25.99,"Behind the Scenes",Drama,"7//GRACE//MOSTEL,112//RUSSELL//BACALL,119//WARREN//JACKMAN,190//AUDREY//BAILEY"
174,"CONFIDENTIAL INTERVIEW","A Stunning Reflection of a Cat And a Woman who must Find a Astronaut in Ancient Japan",2006,English,6,4.99,NC-17,180,13.99,Commentaries,Music,"46//PARKER//GOLDBERG,109//SYLVESTER//DERN"
175,"CONFUSED CANDLES","A Stunning Epistle of a Cat And a Forensic Psychologist who must Confront a Pioneer in A Baloon",2006,English,3,2.99,PG-13,122,27.99,"Trailers,Commentaries,Deleted Scenes,Behind the Scenes",Family,"58//CHRISTIAN//AKROYD,80//RALPH//CRUZ,84//JAMES//PITT,125//ALBERT//NOLTE,143//RIVER//DEAN,177//GENE//MCKELLEN"
176,"CONGENIALITY QUEST","A Touching Documentary of a Cat And a Pastry Chef who must Find a Lumberjack in A Baloon",2006,English,6,0.99,PG-13,87,21.99,"Commentaries,Behind the Scenes",Sports,"38//TOM//MCKELLEN,44//NICK//STALLONE,91//CHRISTOPHER//BERRY"
177,"CONNECTICUT TRAMP","A Unbelieveable Drama of a Crocodile And a Mad Cow who must Reach a Dentist in A Shark Tank",2006,English,4,4.99,R,172,20.99,"Commentaries,Deleted Scenes",Sci-Fi,"12//KARL//BERRY,16//FRED//COSTNER,40//JOHNNY//CAGE,60//HENRY//BERRY,97//MEG//HAWKE,146//ALBERT//JOHANSSON,158//VIVIEN//BASINGER"
178,"CONNECTION MICROCOSMOS","A Fateful Documentary of a Crocodile And a Husband who must Face a Husband in The First Manned Space Station",2006,English,6,0.99,G,115,25.99,"Deleted Scenes,Behind the Scenes",Comedy,"24//CAMERON//STREEP,50//NATALIE//HOPKINS,81//SCARLETT//DAMON,117//RENEE//TRACY,147//FAY//WINSLET,149//RUSSELL//TEMPLE,158//VIVIEN//BASINGER"
179,"CONQUERER NUTS","A Taut Drama of a Mad Scientist And a Man who must Escape a Pioneer in An Abandoned Mine Shaft",2006,English,4,4.99,G,173,14.99,"Commentaries,Deleted Scenes,Behind the Scenes",Drama,"8//MATTHEW//JOHANSSON,21//KIRSTEN//PALTROW,25//KEVIN//BLOOM,60//HENRY//BERRY,111//CAMERON//ZELLWEGER,192//JOHN//SUVARI"
180,"CONSPIRACY SPIRIT","A Awe-Inspiring Story of a Student And a Frisbee who must Conquer a Crocodile in An Abandoned Mine Shaft",2006,English,4,2.99,PG-13,184,27.99,"Trailers,Commentaries",Classics,"43//KIRK//JOVOVICH,153//MINNIE//KILMER,163//CHRISTOPHER//WEST,170//MENA//HOPPER"
181,"CONTACT ANONYMOUS","A Insightful Display of a A Shark And a Monkey who must Face a Database Administrator in Ancient India",2006,English,7,2.99,PG-13,166,10.99,Commentaries,Travel,"53//MENA//TEMPLE,91//CHRISTOPHER//BERRY,113//MORGAN//HOPKINS,139//EWAN//GOODING,171//OLYMPIA//PFEIFFER"
182,"CONTROL ANTHEM","A Fateful Documentary of a Robot And a Student who must Battle a Cat in A Monastery",2006,English,7,4.99,G,185,9.99,Commentaries,Comedy,"19//BOB//FAWCETT,34//AUDREY//OLIVIER,89//CHARLIZE//DENCH"
183,"CONVERSATION DOWNHILL","A Taut Character Study of a Husband And a Waitress who must Sink a Squirrel in A MySQL Convention",2006,English,4,4.99,R,112,14.99,Commentaries,Family,"59//DUSTIN//TAUTOU,98//CHRIS//BRIDGES,157//GRETA//MALDEN"
184,"CORE SUIT","A Unbelieveable Tale of a Car And a Explorer who must Confront a Boat in A Manhattan Penthouse",2006,English,3,2.99,PG-13,92,24.99,"Deleted Scenes",Classics,"54//PENELOPE//PINKETT,104//PENELOPE//CRONYN,144//ANGELA//WITHERSPOON,170//MENA//HOPPER"
185,"COWBOY DOOM","A Astounding Drama of a Boy And a Lumberjack who must Fight a Butler in A Baloon",2006,English,3,2.99,PG,146,10.99,"Commentaries,Deleted Scenes,Behind the Scenes",Foreign,"3//ED//CHASE,74//MILLA//KEITEL,123//JULIANNE//DENCH,140//WHOOPI//HURT,191//GREGORY//GOODING"
186,"CRAFT OUTFIELD","A Lacklusture Display of a Explorer And a Hunter who must Succumb a Database Administrator in A Baloon Factory",2006,English,6,0.99,NC-17,64,17.99,"Deleted Scenes,Behind the Scenes",Drama,"26//RIP//CRAWFORD,60//HENRY//BERRY,81//SCARLETT//DAMON,121//LIZA//BERGMAN,142//JADA//RYDER,198//MARY//KEITEL"
187,"CRANES RESERVOIR","A Fanciful Documentary of a Teacher And a Dog who must Outgun a Forensic Psychologist in A Baloon Factory",2006,English,5,2.99,NC-17,57,12.99,Commentaries,Sports,"14//VIVIEN//BERGEN,45//REESE//KILMER,76//ANGELINA//ASTAIRE,89//CHARLIZE//DENCH,159//LAURA//BRODY,186//JULIA//ZELLWEGER"
188,"CRAZY HOME","A Fanciful Panorama of a Boy And a Woman who must Vanquish a Database Administrator in The Outback",2006,English,7,2.99,PG,136,24.99,"Commentaries,Deleted Scenes",Comedy,"31//SISSY//SOBIESKI,82//WOODY//JOLIE,97//MEG//HAWKE,112//RUSSELL//BACALL,114//MORGAN//MCDORMAND,125//ALBERT//NOLTE,141//CATE//HARRIS,149//RUSSELL//TEMPLE,158//VIVIEN//BASINGER,161//HARVEY//HOPE,168//WILL//WILSON,173//ALAN//DREYFUSS,177//GENE//MCKELLEN"
189,"CREATURES SHAKESPEARE","A Emotional Drama of a Womanizer And a Squirrel who must Vanquish a Crocodile in Ancient India",2006,English,3,0.99,NC-17,139,23.99,"Trailers,Deleted Scenes",Games,"101//SUSAN//DAVIS,106//GROUCHO//DUNST,197//REESE//WEST"
190,"CREEPERS KANE","A Awe-Inspiring Reflection of a Squirrel And a Boat who must Outrace a Car in A Jet Boat",2006,English,5,4.99,NC-17,172,23.99,"Trailers,Behind the Scenes",Classics,"91//CHRISTOPHER//BERRY,109//SYLVESTER//DERN,117//RENEE//TRACY,124//SCARLETT//BENING,150//JAYNE//NOLTE,175//WILLIAM//HACKMAN"
191,"CROOKED FROGMEN","A Unbelieveable Drama of a Hunter And a Database Administrator who must Battle a Crocodile in An Abandoned Amusement Park",2006,English,6,0.99,PG-13,143,27.99,"Commentaries,Deleted Scenes,Behind the Scenes",Children,"9//JOE//SWANK,10//CHRISTIAN//GABLE,141//CATE//HARRIS,146//ALBERT//JOHANSSON,167//LAURENCE//BULLOCK,175//WILLIAM//HACKMAN"
192,"CROSSING DIVORCE","A Beautiful Documentary of a Dog And a Robot who must Redeem a Womanizer in Berlin",2006,English,4,4.99,R,50,19.99,"Commentaries,Deleted Scenes,Behind the Scenes",Foreign,"57//JUDE//CRUISE,74//MILLA//KEITEL"
193,"CROSSROADS CASUALTIES","A Intrepid Documentary of a Sumo Wrestler And a Astronaut who must Battle a Composer in The Outback",2006,English,5,2.99,G,153,20.99,"Trailers,Commentaries,Behind the Scenes",Animation,"6//BETTE//NICHOLSON,88//KENNETH//PESCI,94//KENNETH//TORN,126//FRANCES//TOMEI,136//ED//MANSFIELD,149//RUSSELL//TEMPLE,154//MERYL//GIBSON,179//ED//GUINESS"
194,"CROW GREASE","A Awe-Inspiring Documentary of a Woman And a Husband who must Sink a Database Administrator in The First Manned Space Station",2006,English,6,0.99,PG,104,22.99,"Trailers,Commentaries,Behind the Scenes",Action,"24//CAMERON//STREEP,41//JODIE//DEGENERES,81//SCARLETT//DAMON,98//CHRIS//BRIDGES,102//WALTER//TORN,106//GROUCHO//DUNST,111//CAMERON//ZELLWEGER,114//MORGAN//MCDORMAND,126//FRANCES//TOMEI,178//LISA//MONROE"
195,"CROWDS TELEMARK","A Intrepid Documentary of a Astronaut And a Forensic Psychologist who must Find a Frisbee in An Abandoned Fun House",2006,English,3,4.99,R,112,16.99,"Trailers,Behind the Scenes",Sci-Fi,"8//MATTHEW//JOHANSSON,49//ANNE//CRONYN,180//JEFF//SILVERSTONE,181//MATTHEW//CARREY"
196,"CRUELTY UNFORGIVEN","A Brilliant Tale of a Car And a Moose who must Battle a Dentist in Nigeria",2006,English,7,0.99,G,69,29.99,"Deleted Scenes,Behind the Scenes",Classics,"86//GREG//CHAPLIN,168//WILL//WILSON"
197,"CRUSADE HONEY","A Fast-Paced Reflection of a Explorer And a Butler who must Battle a Madman in An Abandoned Amusement Park",2006,English,4,2.99,R,112,27.99,Commentaries,Sports,"32//TIM//HACKMAN,55//FAY//KILMER,64//RAY//JOHANSSON,90//SEAN//GUINESS,97//MEG//HAWKE,103//MATTHEW//LEIGH,117//RENEE//TRACY,146//ALBERT//JOHANSSON,178//LISA//MONROE"
198,"CRYSTAL BREAKING","A Fast-Paced Character Study of a Feminist And a Explorer who must Face a Pastry Chef in Ancient Japan",2006,English,6,2.99,NC-17,184,22.99,"Trailers,Commentaries",Foreign,"45//REESE//KILMER,62//JAYNE//NEESON,104//PENELOPE//CRONYN,121//LIZA//BERGMAN,156//FAY//WOOD"
199,"CUPBOARD SINNERS","A Emotional Reflection of a Frisbee And a Boat who must Reach a Pastry Chef in An Abandoned Amusement Park",2006,English,4,2.99,R,56,29.99,"Behind the Scenes",Documentary,"17//HELEN//VOIGHT,24//CAMERON//STREEP,32//TIM//HACKMAN,58//CHRISTIAN//AKROYD,87//SPENCER//PECK,103//MATTHEW//LEIGH,126//FRANCES//TOMEI,142//JADA//RYDER"
200,"CURTAIN VIDEOTAPE","A Boring Reflection of a Dentist And a Mad Cow who must Chase a Secret Agent in A Shark Tank",2006,English,7,0.99,PG-13,133,27.99,"Trailers,Commentaries,Deleted Scenes,Behind the Scenes",Games,"9//JOE//SWANK,102//WALTER//TORN,139//EWAN//GOODING"
